issued_at,issued_date,target_date,lead_days,temp,humidity,wind,cloud,rain,weathercode
2026-09-25T02:53:40+09:00,2026-09-25,2026-09-26,1,18.5,90.0,2.425,54.25,0.0,2
2026-09-25T02:53:40+09:00,2026-09-25,2026-09-27,2,19.225,92.5,4.525,97.5,1.4249999999999998,61
2026-09-25T02:53:40+09:00,2026-09-25,2026-09-28,3,20.7,96.5,9.825000000000001,99.5,1.575,80
2026-09-25T02:53:40+09:00,2026-09-25,2026-09-29,4,18.525,99.0,3.5999999999999996,100.0,0.0,3
2026-09-25T02:53:40+09:00,2026-09-25,2026-09-30,5,14.675,75.75,9.025,73.25,0.0,2
2026-09-25T02:53:40+09:00,2026-09-25,2026-10-01,6,19.9,98.0,4.65,100.0,1.8,80
2026-09-25T02:53:40+09:00,2026-09-25,2026-10-02,7,15.0,62.75,3.2249999999999996,5.0,0.0,0
2026-09-25T02:53:40+09:00,2026-09-25,2026-10-03,8,15.675,80.75,2.325,91.0,0.0,3
2026-09-25T02:53:40+09:00,2026-09-25,2026-10-04,9,15.575,85.75,4.25,95.0,0.0,3
2026-09-25T02:53:40+09:00,2026-09-25,2026-10-05,10,15.175,87.5,3.25,64.75,0.0,2
2026-09-25T02:53:40+09:00,2026-09-25,2026-10-06,11,15.525,75.5,7.65,11.75,0.0,0
2026-09-25T02:53:40+09:00,2026-09-25,2026-10-07,12,13.899999999999999,81.5,3.0500000000000003,98.25,0.0,3
2026-09-25T02:53:40+09:00,2026-09-25,2026-10-08,13,12.350000000000001,71.5,2.7250000000000005,0.0,0.0,0
2026-09-25T02:53:40+09:00,2026-09-25,2026-10-09,14,14.725,77.0,2.175,68.0,0.0,3
2026-09-26T03:00:03+09:00,2026-09-26,2026-09-27,1,18.15,89.5,1.65,78.0,0.0,3
2026-09-26T03:00:03+09:00,2026-09-26,2026-09-28,2,21.925,87.25,4.775,95.5,0.0,3
2026-09-26T03:00:03+09:00,2026-09-26,2026-09-29,3,19.825,98.5,1.8,100.0,0.0,3
2026-09-26T03:00:03+09:00,2026-09-26,2026-09-30,4,12.75,86.0,5.925000000000001,52.25,0.0,0
2026-09-26T03:00:03+09:00,2026-09-26,2026-10-01,5,18.424999999999997,88.0,5.75,28.75,0.0,1
2026-09-26T03:00:03+09:00,2026-09-26,2026-10-02,6,17.5,71.5,5.325,36.25,0.0,1
2026-09-26T03:00:03+09:00,2026-09-26,2026-10-03,7,15.424999999999999,77.5,0.95,98.75,0.0,3
2026-09-26T03:00:03+09:00,2026-09-26,2026-10-04,8,18.825,74.75,9.775,27.5,0.0,1
2026-09-26T03:00:03+09:00,2026-09-26,2026-10-05,9,17.9,84.0,1.5749999999999997,18.25,0.0,0
2026-09-26T03:00:03+09:00,2026-09-26,2026-10-06,10,14.899999999999999,98.5,8.25,100.0,1.4,80
2026-09-26T03:00:03+09:00,2026-09-26,2026-10-07,11,17.15,91.75,9.575,36.25,0.1,51
2026-09-26T03:00:03+09:00,2026-09-26,2026-10-08,12,15.45,78.25,1.15,99.75,0.0,3
2026-09-26T03:00:03+09:00,2026-09-26,2026-10-09,13,14.4,81.75,3.875,29.0,0.0,1
2026-09-26T03:00:03+09:00,2026-09-26,2026-10-10,14,15.45,76.75,2.7,59.5,0.0,2
2026-09-27T02:18:17+09:00,2026-09-27,2026-09-28,1,21.225,94.0,4.25,98.0,1.3,61
2026-09-27T02:18:17+09:00,2026-09-27,2026-09-29,2,18.425,97.25,2.375,88.5,2.15,61
2026-09-27T02:18:17+09:00,2026-09-27,2026-09-30,3,14.450000000000001,93.0,3.5500000000000003,55.5,0.0,0
2026-09-27T02:18:17+09:00,2026-09-27,2026-10-01,4,17.299999999999997,85.0,2.775,13.0,0.0,0
2026-09-27T02:18:17+09:00,2026-09-27,2026-10-02,5,15.924999999999999,86.25,6.7,22.0,0.0,0
2026-09-27T02:18:17+09:00,2026-09-27,2026-10-03,6,16.85,69.5,5.0,77.0,0.0,2
2026-09-27T02:18:17+09:00,2026-09-27,2026-10-04,7,17.700000000000003,82.25,4.8500000000000005,86.75,0.0,3
2026-09-27T02:18:17+09:00,2026-09-27,2026-10-05,8,17.2,100.0,4.1,94.5,2.8,81
2026-09-27T02:18:17+09:00,2026-09-27,2026-10-06,9,17.299999999999997,91.5,6.324999999999999,24.5,0.1,51
2026-09-27T02:18:17+09:00,2026-09-27,2026-10-07,10,15.75,86.25,8.975000000000001,10.75,0.0,0
2026-09-27T02:18:17+09:00,2026-09-27,2026-10-08,11,17.5,79.0,7.925,48.75,0.0,1
2026-09-27T02:18:17+09:00,2026-09-27,2026-10-09,12,18.5,78.0,13.399999999999999,36.5,0.0,1
2026-09-27T02:18:17+09:00,2026-09-27,2026-10-10,13,14.775,77.25,2.1999999999999997,42.5,0.0,2
2026-09-27T02:18:17+09:00,2026-09-27,2026-10-11,14,17.45,81.5,3.525,30.0,0.0,0
2026-09-28T02:50:54+09:00,2026-09-28,2026-09-29,1,18.700000000000003,96.25,1.375,84.0,1.7000000000000002,61
2026-09-28T02:50:54+09:00,2026-09-28,2026-09-30,2,14.7,81.5,4.025,0.5,0.0,0
2026-09-28T02:50:54+09:00,2026-09-28,2026-10-01,3,18.375,89.5,7.7,29.25,0.0,1
2026-09-28T02:50:54+09:00,2026-09-28,2026-10-02,4,15.424999999999999,84.0,7.050000000000001,70.25,0.05,51
2026-09-28T02:50:54+09:00,2026-09-28,2026-10-03,5,9.600000000000001,81.75,4.85,7.0,0.0,0
2026-09-28T02:50:54+09:00,2026-09-28,2026-10-04,6,17.174999999999997,73.75,4.425,99.5,0.0,3
2026-09-28T02:50:54+09:00,2026-09-28,2026-10-05,7,20.675,83.0,0.925,76.0,0.0,2
2026-09-28T02:50:54+09:00,2026-09-28,2026-10-06,8,16.875,85.5,1.9,40.5,0.0,1
2026-09-28T02:50:54+09:00,2026-09-28,2026-10-07,9,21.549999999999997,77.0,1.225,3.5,0.0,0
2026-09-28T02:50:54+09:00,2026-09-28,2026-10-08,10,21.225,71.75,5.0249999999999995,10.0,0.0,0
2026-09-28T02:50:54+09:00,2026-09-28,2026-10-09,11,24.925,74.0,12.475000000000001,98.0,0.0,3
2026-09-28T02:50:54+09:00,2026-09-28,2026-10-10,12,21.474999999999998,96.25,2.05,100.0,1.1,55
2026-09-28T02:50:54+09:00,2026-09-28,2026-10-11,13,18.225,85.25,1.4,100.0,0.0,3
2026-09-28T02:50:54+09:00,2026-09-28,2026-10-12,14,20.25,68.75,15.55,94.25,0.0,3
2026-09-29T05:09:55+09:00,2026-09-29,2026-09-30,1,13.75,84.5,3.8499999999999996,0.0,0.0,0
2026-09-29T05:09:55+09:00,2026-09-29,2026-10-01,2,20.7,88.0,3.6250000000000004,18.0,0.0,0
2026-09-29T05:09:55+09:00,2026-09-29,2026-10-02,3,16.525,94.75,6.325,39.5,0.0,1
2026-09-29T05:09:55+09:00,2026-09-29,2026-10-03,4,10.075000000000001,88.25,6.300000000000001,86.25,0.0,3
2026-09-29T05:09:55+09:00,2026-09-29,2026-10-04,5,14.075000000000001,89.75,5.0,95.0,0.0,3
2026-09-29T05:09:55+09:00,2026-09-29,2026-10-05,6,17.6,93.75,21.275,100.0,4.5,81
2026-09-29T05:09:55+09:00,2026-09-29,2026-10-06,7,18.75,90.5,6.05,37.25,0.1,51
2026-09-29T05:09:55+09:00,2026-09-29,2026-10-07,8,16.6,80.5,2.7,29.75,0.0,1
2026-09-29T05:09:55+09:00,2026-09-29,2026-10-08,9,17.225,94.75,4.550000000000001,100.0,0.4,51
2026-09-29T05:09:55+09:00,2026-09-29,2026-10-09,10,18.975,100.0,12.15,97.25,0.3,51
2026-09-29T05:09:55+09:00,2026-09-29,2026-10-10,11,16.15,82.5,6.525,0.75,0.0,0
2026-09-29T05:09:55+09:00,2026-09-29,2026-10-11,12,16.125,75.75,1.5750000000000002,20.5,0.0,0
2026-09-29T05:09:55+09:00,2026-09-29,2026-10-12,13,17.275,81.0,6.5,39.75,0.0,2
2026-09-29T05:09:55+09:00,2026-09-29,2026-10-13,14,18.45,85.0,3.325,69.75,0.0,2
2026-09-30T03:44:27+09:00,2026-09-30,2026-10-01,1,17.575,85.75,3.775,7.0,0.0,0
2026-09-30T03:44:27+09:00,2026-09-30,2026-10-02,2,16.450000000000003,78.5,2.8499999999999996,12.0,0.0,0
2026-09-30T03:44:27+09:00,2026-09-30,2026-10-03,3,11.9,91.25,5.425,51.0,0.0,0
2026-09-30T03:44:27+09:00,2026-09-30,2026-10-04,4,16.775,84.25,4.625,100.0,0.0,3
2026-09-30T03:44:27+09:00,2026-09-30,2026-10-05,5,16.925,94.5,5.975,96.75,0.9000000000000001,80
2026-09-30T03:44:27+09:00,2026-09-30,2026-10-06,6,18.400000000000002,91.75,3.0500000000000003,100.0,0.6,53
2026-09-30T03:44:27+09:00,2026-09-30,2026-10-07,7,16.425,80.5,5.175,25.0,0.0,1
2026-09-30T03:44:27+09:00,2026-09-30,2026-10-08,8,15.225,85.0,3.0250000000000004,44.25,0.0,2
2026-09-30T03:44:27+09:00,2026-09-30,2026-10-09,9,18.825000000000003,87.25,10.174999999999999,93.5,0.0,3
2026-09-30T03:44:27+09:00,2026-09-30,2026-10-10,10,15.399999999999999,74.75,5.25,4.0,0.0,0
2026-09-30T03:44:27+09:00,2026-09-30,2026-10-11,11,13.9,76.0,2.85,99.5,0.0,3
2026-09-30T03:44:27+09:00,2026-09-30,2026-10-12,12,17.375,69.75,1.7249999999999999,40.5,0.0,2
2026-09-30T03:44:27+09:00,2026-09-30,2026-10-13,13,18.099999999999998,74.5,10.2,33.25,0.0,1
2026-09-30T03:44:27+09:00,2026-09-30,2026-10-14,14,19.575000000000003,75.5,19.125,92.75,0.02,3
2026-10-01T03:29:07+09:00,2026-10-01,2026-10-02,1,17.125,81.75,3.35,15.25,0.0,0
2026-10-01T03:29:07+09:00,2026-10-01,2026-10-03,2,12.55,77.0,3.1250000000000004,0.0,0.0,0
2026-10-01T03:29:07+09:00,2026-10-01,2026-10-04,3,15.200000000000001,87.0,3.55,100.0,0.0,3
2026-10-01T03:29:07+09:00,2026-10-01,2026-10-05,4,16.225,86.25,7.300000000000001,100.0,0.0,3
2026-10-01T03:29:07+09:00,2026-10-01,2026-10-06,5,18.55,92.0,8.0,100.0,1.15,80
2026-10-01T03:29:07+09:00,2026-10-01,2026-10-07,6,18.55,85.75,6.375,50.25,0.0,1
2026-10-01T03:29:07+09:00,2026-10-01,2026-10-08,7,17.924999999999997,73.75,10.35,15.25,0.0,0
2026-10-01T03:29:07+09:00,2026-10-01,2026-10-09,8,17.35,78.0,2.625,13.75,0.0,0
2026-10-01T03:29:07+09:00,2026-10-01,2026-10-10,9,18.400000000000002,85.25,1.45,15.0,0.0,0
2026-10-01T03:29:07+09:00,2026-10-01,2026-10-11,10,20.875,79.25,3.3,99.0,0.0,3
2026-10-01T03:29:07+09:00,2026-10-01,2026-10-12,11,22.0,80.0,2.1,61.5,0.0,2
2026-10-01T03:29:07+09:00,2026-10-01,2026-10-13,12,19.400000000000002,88.5,3.4499999999999997,68.25,0.0,2
2026-10-01T03:29:07+09:00,2026-10-01,2026-10-14,13,17.275,99.75,5.225,79.75,0.1,51
2026-10-01T03:29:07+09:00,2026-10-01,2026-10-15,14,15.250000000000002,77.5,4.0249999999999995,16.0,0.02,0
2026-10-03T03:33:44+09:00,2026-10-03,2026-10-04,1,16.7,81.75,2.25,33.5,0.0,1
2026-10-03T03:33:44+09:00,2026-10-03,2026-10-05,2,18.474999999999998,70.75,4.5,57.5,0.0,2
2026-10-03T03:33:44+09:00,2026-10-03,2026-10-06,3,18.224999999999998,80.75,2.6500000000000004,45.25,0.025,1
2026-10-03T03:33:44+09:00,2026-10-03,2026-10-07,4,14.700000000000001,82.75,6.0249999999999995,3.75,0.0,0
2026-10-03T03:33:44+09:00,2026-10-03,2026-10-08,5,11.675,90.0,5.249999999999999,74.0,0.0,3
2026-10-03T03:33:44+09:00,2026-10-03,2026-10-09,6,17.925,72.25,2.5,37.75,0.0,1
2026-10-03T03:33:44+09:00,2026-10-03,2026-10-10,7,19.4,84.5,2.525,5.0,0.0,0
2026-10-03T03:33:44+09:00,2026-10-03,2026-10-11,8,19.425,78.0,4.2250000000000005,20.5,0.0,1
2026-10-03T03:33:44+09:00,2026-10-03,2026-10-12,9,15.925,81.25,3.325,40.25,0.0,2
2026-10-03T03:33:44+09:00,2026-10-03,2026-10-13,10,18.900000000000002,80.5,3.175,28.25,0.0,1
2026-10-03T03:33:44+09:00,2026-10-03,2026-10-14,11,20.025,72.75,4.050000000000001,2.75,0.0,0
2026-10-03T03:33:44+09:00,2026-10-03,2026-10-15,12,18.9,80.75,3.4000000000000004,31.0,0.0,1
2026-10-03T03:33:44+09:00,2026-10-03,2026-10-16,13,16.1,70.5,9.675,59.75,0.0,2
2026-10-03T03:33:44+09:00,2026-10-03,2026-10-17,14,13.974999999999998,78.25,2.7749999999999995,27.5,0.0,0
2026-10-04T02:27:41+09:00,2026-10-04,2026-10-05,1,17.4,80.25,4.375,62.75,0.05,51
2026-10-04T02:27:41+09:00,2026-10-04,2026-10-06,2,18.125,95.5,4.85,92.25,0.225,51
2026-10-04T02:27:41+09:00,2026-10-04,2026-10-07,3,14.674999999999999,85.25,9.55,16.0,0.0,0
2026-10-04T02:27:41+09:00,2026-10-04,2026-10-08,4,12.75,82.0,1.9,0.0,0.0,0
2026-10-04T02:27:41+09:00,2026-10-04,2026-10-09,5,14.45,87.75,4.75,24.25,0.0,1
2026-10-04T02:27:41+09:00,2026-10-04,2026-10-10,6,20.75,76.5,9.0,12.75,0.0,0
2026-10-04T02:27:41+09:00,2026-10-04,2026-10-11,7,18.725,83.25,2.375,41.0,0.0,1
2026-10-04T02:27:41+09:00,2026-10-04,2026-10-12,8,17.675,82.5,1.825,50.25,0.0,1
2026-10-04T02:27:41+09:00,2026-10-04,2026-10-13,9,20.900000000000002,69.75,16.7,31.0,0.0,1
2026-10-04T02:27:41+09:00,2026-10-04,2026-10-14,10,21.425,62.5,5.275,47.75,0.0,1
2026-10-04T02:27:41+09:00,2026-10-04,2026-10-15,11,16.25,81.5,5.050000000000001,33.0,0.0,1
2026-10-04T02:27:41+09:00,2026-10-04,2026-10-16,12,13.325,77.0,1.975,45.0,0.0,2
2026-10-04T02:27:41+09:00,2026-10-04,2026-10-17,13,16.049999999999997,74.0,1.875,39.5,0.0,1
2026-10-04T02:27:41+09:00,2026-10-04,2026-10-18,14,16.950000000000003,70.75,4.025,33.75,0.0,0
2026-10-05T02:42:30+09:00,2026-10-05,2026-10-06,1,18.174999999999997,93.25,5.5,86.75,0.1,51
2026-10-05T02:42:30+09:00,2026-10-05,2026-10-07,2,15.35,75.25,5.625,6.0,0.0,0
2026-10-05T02:42:30+09:00,2026-10-05,2026-10-08,3,10.85,87.5,3.3249999999999997,15.25,0.0,0
2026-10-05T02:42:30+09:00,2026-10-05,2026-10-09,4,13.775000000000002,88.25,3.775,0.0,0.0,0
2026-10-05T02:42:30+09:00,2026-10-05,2026-10-10,5,16.225,91.25,10.1,56.75,0.0,2
2026-10-05T02:42:30+09:00,2026-10-05,2026-10-11,6,17.125,86.25,2.2,39.5,0.0,1
2026-10-05T02:42:30+09:00,2026-10-05,2026-10-12,7,16.975,83.5,2.45,19.0,0.0,0
2026-10-05T02:42:30+09:00,2026-10-05,2026-10-13,8,17.974999999999998,82.25,3.2,31.5,0.0,1
2026-10-05T02:42:30+09:00,2026-10-05,2026-10-14,9,19.525,77.25,4.45,6.75,0.0,0
2026-10-05T02:42:30+09:00,2026-10-05,2026-10-15,10,20.8,74.25,11.25,21.75,0.0,0
2026-10-05T02:42:30+09:00,2026-10-05,2026-10-16,11,21.375,73.25,15.575000000000001,55.25,0.0,2
2026-10-05T02:42:30+09:00,2026-10-05,2026-10-17,12,19.75,95.0,3.7749999999999995,100.0,0.7,53
2026-10-05T02:42:30+09:00,2026-10-05,2026-10-18,13,18.85,86.0,1.6999999999999997,100.0,0.0,3
2026-10-05T02:42:30+09:00,2026-10-05,2026-10-19,14,14.7,86.5,1.85,80.5,0.0,3
2026-10-06T06:14:59+09:00,2026-10-06,2026-10-07,1,15.45,75.5,5.2,11.75,0.0,0
2026-10-06T06:14:59+09:00,2026-10-06,2026-10-08,2,12.55,70.5,3.3999999999999995,1.5,0.0,0
2026-10-06T06:14:59+09:00,2026-10-06,2026-10-09,3,14.100000000000001,91.75,9.175,35.75,0.0,1
2026-10-06T06:14:59+09:00,2026-10-06,2026-10-10,4,15.6,89.0,9.174999999999999,59.0,0.0,2
2026-10-06T06:14:59+09:00,2026-10-06,2026-10-11,5,15.45,89.0,5.824999999999999,15.75,0.0,0
2026-10-06T06:14:59+09:00,2026-10-06,2026-10-12,6,17.650000000000002,85.75,4.125,14.25,0.0,0
2026-10-06T06:14:59+09:00,2026-10-06,2026-10-13,7,21.0,77.75,9.25,31.25,0.0,1
2026-10-06T06:14:59+09:00,2026-10-06,2026-10-14,8,21.450000000000003,75.5,16.925,92.0,0.0,3
2026-10-06T06:14:59+09:00,2026-10-06,2026-10-15,9,17.55,88.25,6.25,60.5,0.3,51
2026-10-06T06:14:59+09:00,2026-10-06,2026-10-16,10,14.5,74.5,1.425,54.25,0.0,2
2026-10-06T06:14:59+09:00,2026-10-06,2026-10-17,11,13.674999999999999,72.0,1.8750000000000002,60.25,0.0,2
2026-10-06T06:14:59+09:00,2026-10-06,2026-10-18,12,17.475,74.25,7.3,100.0,0.0,3
2026-10-06T06:14:59+09:00,2026-10-06,2026-10-19,13,20.75,74.0,8.075,46.25,0.0,1
2026-10-06T06:14:59+09:00,2026-10-06,2026-10-20,14,18.425,93.5,4.9750000000000005,91.5,0.0,3
