date,temp,humidity,wind,cloud,rain,fog_observed,castle_visible,note,fog_probability,castle_probability,fog_score,castle_score,dew_point,dew_spread,event,updated_at,castle_event_probability
2015-11-22,8.875,86.25,9.85,99.0,0.0,0,0,,0.922,0.574,48.9,40.3,6.7,2.17,Castle,2025-11-10T11:56:23.983511+09:00,
2015-11-23,11.375,92.5,12.675,70.75,0.0,0,0,,0.631,0.851,60.9,60.9,10.2,1.17,Castle,2025-11-10T11:56:38.819342+09:00,0.0103232620907606
2017-09-08,20.4,91.75,11.2,67.75,1.6249999999999998,0,0,,0.042,0.77,50.2,50.2,19.01,1.39,,2025-11-06T12:13:55.539774+09:00,0.0185327396073173
2017-09-09,18.225,89.25,3.5250000000000004,6.75,0.0,1,1,,0.998,0.365,58.2,38.2,16.43,1.8,FogOnly,2025-11-06T12:14:02.750397+09:00,0.8620104625314666
2017-09-28,18.200000000000003,95.0,6.925000000000001,100.0,5.975,0,0,,0.595,0.622,55.2,47.2,17.39,0.81,FogOnly,2025-11-06T12:12:28.797382+09:00,0.005102086947447
2017-09-29,13.275,81.25,6.175000000000001,28.25,0.0,1,1,,0.874,0.36,37.3,21.0,10.13,3.15,FogOnly,2025-11-06T12:12:36.208926+09:00,0.8980241287162156
2017-12-06,0.7,90.0,5.199999999999999,47.5,0.3,0,0,,0.094,0.876,56.1,56.1,-0.75,1.45,,2025-11-06T12:08:03.659742+09:00,0.0220376686725078
2017-12-07,2.25,93.0,7.15,70.0,0.2,1,1,,0.247,0.877,61.8,61.8,1.23,1.02,,2025-11-06T12:08:10.062947+09:00,0.8956525078988073
2017-12-20,-0.925,87.0,6.725,29.0,0.0,0,0,,0.876,0.774,52.3,45.7,-2.82,1.89,Castle,2025-11-06T12:06:18.711292+09:00,0.0821398931786393
2017-12-21,0.75,97.0,1.825,45.75,0.075,0,0,,0.062,0.658,91.3,91.3,0.33,0.42,,2025-11-06T12:06:26.049514+09:00,0.0262470344263044
2018-01-13,-2.025,85.0,10.375,88.25,0.275,0,0,,0.098,0.823,47.4,45.9,-4.21,2.18,,2025-11-06T12:03:45.626369+09:00,0.0163003267652349
2018-01-14,-1.95,77.75,4.950000000000001,44.5,0.0,1,1,,0.994,0.93,34.6,23.7,-5.32,3.37,Castle,2025-11-06T12:03:51.996212+09:00,0.9777292078691096
2018-01-18,4.3,96.0,3.575,80.75,0.0,0,0,,0.468,0.624,72.3,72.3,3.72,0.58,,2025-11-06T12:02:49.335910+09:00,0.0304008207434604
2018-01-19,1.7999999999999998,81.5,5.75,51.75,0.0,1,1,,0.383,0.939,41.0,34.4,-1.03,2.83,,2025-11-06T12:02:55.970360+09:00,0.947201443886604
2018-02-19,-1.125,83.5,6.800000000000001,99.25,0.0,0,0,,0.797,0.815,45.7,34.8,-3.56,2.44,Castle,2025-11-06T12:01:25.364338+09:00,0.0239775318278451
2018-02-20,0.4,87.0,5.025,50.0,0.0,1,1,,0.825,0.934,52.1,52.1,-1.51,1.91,Castle,2025-11-06T12:01:29.687572+09:00,0.9730793786195444
2018-02-24,0.0249999999999999,72.0,10.075,31.5,0.0,0,0,,0.448,0.811,21.6,0.0,-4.42,4.45,,2025-11-06T12:00:29.211685+09:00,0.0327938032286725
2018-02-25,-0.65,64.5,3.875,91.0,0.0,1,1,,0.647,0.926,16.2,0.0,-6.52,5.87,FogOnly,2025-11-06T12:00:35.072618+09:00,0.953730847867725
2018-03-24,2.525,85.25,6.3500000000000005,44.75,0.0,0,0,,0.645,0.867,48.3,46.5,0.3,2.23,FogOnly,2025-11-06T11:59:04.038519+09:00,0.0463678143288146
2018-03-25,5.25,84.5,4.9,4.25,0.0,1,1,,0.444,0.93,46.2,21.5,2.85,2.4,,2025-11-06T11:59:10.750836+09:00,0.9349772487454237
2018-05-17,20.5,68.75,9.825,98.5,0.325,0,0,,0.204,0.528,13.4,0.0,14.56,5.94,,2025-11-06T11:56:18.367141+09:00,0.0034989734900828
2018-05-18,22.125,83.5,8.2,70.25,0.025,1,0,,0.991,0.272,39.7,32.3,19.2,2.93,FogOnly,2025-11-06T11:56:24.149750+09:00,0.0601894003643836
2018-10-24,13.375,92.0,3.375,83.25,0.45,0,0,,0.065,0.282,63.7,63.7,12.1,1.27,,2025-11-06T11:50:40.101726+09:00,0.0022920453758579
2018-10-25,10.05,93.25,3.425,11.0,0.0,1,1,,0.901,0.833,68.3,50.9,9.01,1.04,Castle,2025-11-06T11:50:45.875256+09:00,0.9557316186395356
2018-11-07,11.475,90.5,3.325,74.5,0.0,0,0,,0.451,0.592,63.7,63.7,9.97,1.5,,2025-11-06T11:48:43.378483+09:00,0.0108959758224921
2018-11-08,11.925,90.0,6.4,3.0,0.0,1,1,,0.984,0.976,55.9,33.7,10.34,1.59,Castle,2025-11-06T11:48:48.892334+09:00,0.974932238536206
2018-11-17,7.85,85.5,3.975,83.5,0.025,0,0,,0.31,0.596,47.8,45.5,5.57,2.28,,2025-11-06T11:47:36.848559+09:00,0.0163818581761308
2018-11-18,6.574999999999999,85.5,4.125,63.0,0.0,1,1,,0.82,0.244,47.9,45.8,4.32,2.26,FogOnly,2025-11-06T11:47:43.815814+09:00,0.9020031298467625
2018-11-25,4.95,73.5,10.075,9.25,0.0,0,0,,0.648,0.812,22.9,0.0,0.61,4.34,FogOnly,2025-11-06T11:46:31.201681+09:00,0.0778223694659441
2018-11-26,9.4,89.25,4.7,40.5,0.0,1,1,,0.665,0.809,54.8,54.8,7.72,1.68,FogOnly,2025-11-06T11:46:38.678268+09:00,0.946092495472624
2018-12-19,3.775,92.5,6.05,78.5,0.15,0,0,,0.061,0.824,61.0,61.0,2.67,1.1,,2025-11-06T11:43:59.932077+09:00,0.0152474021767422
2018-12-20,6.4,84.75,5.4750000000000005,96.25,0.1,1,1,,0.21,0.828,45.9,37.9,4.02,2.38,,2025-11-06T11:44:07.877189+09:00,0.8659999784695819
2018-12-31,-1.4,90.75,5.75,83.5,0.125,0,0,,0.126,0.784,58.6,58.6,-2.72,1.32,,2025-11-06T11:42:23.038232+09:00,0.014780428799956
2019-01-01,-0.7499999999999999,81.75,6.549999999999999,57.0,0.0,1,1,,0.412,0.898,42.2,36.4,-3.48,2.73,,2025-11-06T11:42:29.971700+09:00,0.9649567541511336
2019-01-07,1.375,73.5,6.575,82.5,0.025,0,0,,0.391,0.793,24.2,6.5,-2.84,4.22,,2025-11-06T11:41:32.929569+09:00,0.03183489938905
2019-01-08,3.7,88.0,4.550000000000001,90.5,0.025,1,1,,0.925,0.959,53.2,52.8,1.9,1.8,Castle,2025-11-06T11:41:39.180806+09:00,0.9763519607948408
2019-01-10,-4.875000000000001,79.75,10.025,37.5,0.0,0,0,,0.461,0.776,39.5,30.3,-7.83,2.96,,2025-11-06T11:40:23.735191+09:00,0.0147693509411093
2019-01-11,3.175,88.0,8.225000000000001,89.5,0.025,1,1,,0.848,0.939,53.3,53.3,1.38,1.8,Castle,2025-11-06T11:40:29.178121+09:00,0.965236749097516
2019-01-18,0.825,63.75,11.7,77.0,0.0,0,0,,0.473,0.769,15.0,0.0,-5.27,6.09,,2025-11-06T11:39:13.645921+09:00,0.0189008778916425
2019-01-19,1.775,81.25,3.575,92.5,0.0,1,1,,0.533,0.898,44.8,35.8,-1.1,2.87,FogOnly,2025-11-06T11:39:19.929251+09:00,0.9699327803095542
2019-02-01,-1.375,80.25,12.025000000000002,89.5,0.175,0,0,,0.096,0.761,38.6,30.9,-4.34,2.96,,2025-11-06T11:36:26.330771+09:00,0.0179033269909634
2019-02-02,2.35,73.0,3.375,89.5,0.0,1,1,,0.954,0.891,29.1,10.3,-2.0,4.35,Castle,2025-11-06T11:36:32.566123+09:00,0.971601455816237
2019-03-14,1.975,87.25,3.375,65.5,0.25,0,0,,0.14,0.565,57.2,57.2,0.08,1.9,,2025-11-06T11:32:57.649218+09:00,0.0158595830888434
2019-03-15,2.075,79.0,8.725,11.5,0.0,1,1,,0.928,0.385,35.9,8.7,-1.19,3.26,FogOnly,2025-11-06T11:33:02.834458+09:00,0.9445158554231484
2019-03-17,1.5,55.25,9.25,77.25,0.25,0,0,,0.129,0.793,13.8,0.0,-6.51,8.01,,2025-11-06T11:32:01.812676+09:00,0.0213290183882888
2019-03-18,-1.6,71.25,7.025,0.25,0.0,1,1,,0.981,0.948,20.7,0.0,-6.13,4.53,Castle,2025-11-06T11:32:09.276534+09:00,0.9713939933447644
2019-09-30,21.2,91.75,1.5,100.0,0.0,0,0,,0.388,0.256,83.2,75.2,19.8,1.4,,2025-11-06T11:25:52.366007+09:00,0.0089671952198771
2019-10-01,20.1,90.25,3.0000000000000004,6.75,0.0,1,1,,0.892,0.117,65.2,45.3,18.45,1.65,FogOnly,2025-11-06T11:25:59.695264+09:00,0.6830471187372524
2019-10-16,9.05,91.0,3.15,22.75,0.0,0,0,,0.383,0.483,66.8,56.5,7.66,1.39,,2025-11-06T11:24:48.052843+09:00,0.0495311877747593
2019-10-17,11.2,86.25,2.425,52.25,0.0,1,1,,0.468,0.372,64.2,62.5,8.99,2.21,,2025-11-06T11:24:53.190027+09:00,0.8522869129598601
2019-10-29,16.125,77.75,16.35,100.0,0.15,0,0,,0.131,0.505,27.6,4.5,12.24,3.89,,2025-11-06T11:23:19.508497+09:00,0.0068767485701822
2019-10-30,13.575,93.0,3.65,95.75,0.1,1,0,,0.685,0.367,64.7,60.1,12.46,1.11,FogOnly,2025-11-06T11:23:24.740753+09:00,0.0517390480645927
2019-11-22,5.025,93.5,4.95,47.75,0.0,0,0,,0.444,0.635,63.5,63.5,4.06,0.96,,2025-11-06T11:21:43.768046+09:00,0.0613474242782333
2019-11-23,8.375,88.75,4.175,0.0,0.0,1,1,,0.902,0.831,54.0,30.0,6.63,1.75,Castle,2025-11-06T11:21:48.674719+09:00,0.947782782179949
2019-11-24,12.8,91.75,5.424999999999999,100.0,0.7,0,0,,0.092,0.66,55.8,47.8,11.49,1.31,,2025-11-06T11:20:20.824106+09:00,0.0126044872426483
2019-11-25,12.4,84.75,5.799999999999999,99.75,0.125,0,0,,0.629,0.259,44.4,32.7,9.9,2.5,FogOnly,2025-11-06T11:20:25.872208+09:00,0.0190286832324494
2019-12-09,0.5750000000000001,82.75,6.499999999999999,1.75,0.0,0,0,,0.222,0.731,43.9,16.1,-2.02,2.6,,2025-11-06T11:18:54.261142+09:00,0.0345804999187281
2019-12-10,4.825,94.75,6.7,2.0,0.0,1,1,,0.439,0.917,65.7,42.9,4.05,0.77,,2025-11-06T11:18:59.976431+09:00,0.9247268318840296
2020-02-20,3.975000000000001,85.0,4.85,95.75,0.0,0,0,,0.403,0.646,47.5,40.5,1.68,2.29,,2025-11-06T11:14:46.732750+09:00,0.0220796837267852
2020-02-21,0.3,86.5,6.125,4.75,0.0,1,1,,0.903,0.782,51.1,30.0,-1.69,1.99,Castle,2025-11-06T11:14:52.750586+09:00,0.9476302430748528
2020-02-23,4.0,85.75,15.675,85.5,0.2,0,0,,0.102,0.696,47.9,46.6,1.83,2.17,,2025-11-06T11:14:07.386277+09:00,0.0251854412996626
2020-02-24,3.4,76.75,4.9,36.0,0.0,1,1,,0.982,0.814,30.7,14.7,-0.3,3.7,Castle,2025-11-06T11:14:12.463967+09:00,0.978286416240068
2020-04-02,7.074999999999999,82.0,11.2,83.25,0.15,0,0,,0.04,0.666,39.9,33.0,4.21,2.86,,2025-11-06T11:12:19.222627+09:00,0.0071436014637585
2020-04-03,4.65,78.0,6.4,4.5,0.0,1,1,,0.96,0.793,32.9,0.0,1.14,3.51,Castle,2025-11-06T11:12:24.519602+09:00,0.959564417295716
2020-04-24,5.575,84.0,4.75,14.75,0.0,0,0,,0.431,0.473,45.1,26.0,3.08,2.49,,2025-11-06T11:11:01.941634+09:00,0.032058948752928
2020-04-25,6.225,76.75,10.55,0.0,0.0,1,0,,0.818,0.355,29.6,0.0,2.44,3.78,FogOnly,2025-11-06T11:11:06.100034+09:00,0.0338005580073031
2020-10-19,11.225,82.0,3.55,100.0,0.0,0,0,,0.591,0.457,44.0,28.3,8.26,2.96,FogOnly,2025-11-06T11:05:53.045503+09:00,0.0217418253155672
2020-10-20,9.325,91.25,4.2250000000000005,17.25,0.0,1,1,,0.893,0.682,58.8,45.1,7.97,1.35,Castle,2025-11-06T11:05:57.375114+09:00,0.9585964766570032
2020-10-26,13.25,74.5,2.525,51.25,0.0,0,0,,0.403,0.494,36.5,17.0,8.81,4.44,,2025-11-06T11:04:29.653447+09:00,0.0172458942955844
2020-10-27,7.975,84.0,4.725,80.75,0.0,1,1,,0.389,0.134,44.5,40.2,5.44,2.54,,2025-11-06T11:04:35.564006+09:00,0.8752408348946049
2020-11-04,6.75,87.75,4.225,83.75,0.125,0,0,,0.295,0.547,51.7,51.7,4.86,1.89,,2025-11-06T11:03:34.716966+09:00,0.0092158498064654
2020-11-05,9.4,67.75,2.075,18.25,0.0,1,0,,0.983,0.74,34.2,1.2,3.74,5.66,Castle,2025-11-06T11:03:39.030241+09:00,0.1440187737235516
2020-11-07,15.0,71.75,10.475,98.25,0.0,0,0,,0.664,0.65,15.0,0.0,9.94,5.06,FogOnly,2025-11-06T11:02:56.207547+09:00,0.0169544737202981
2020-11-08,13.275,88.75,2.35,37.5,0.0,1,0,,0.637,0.381,69.7,68.2,11.46,1.82,FogOnly,2025-11-06T11:03:01.058878+09:00,0.0461509291405313
2020-11-13,9.25,84.25,7.175000000000001,26.5,0.0,0,0,,0.702,0.836,44.7,32.5,6.73,2.52,Castle,2025-11-06T11:01:48.975744+09:00,0.037076083017076
2020-11-14,7.55,81.5,6.15,1.25,0.0,1,1,,0.847,0.767,39.4,8.5,4.59,2.96,Castle,2025-11-06T11:01:53.381961+09:00,0.8874734162629979
2020-11-16,12.2,94.0,5.35,61.75,0.125,0,0,,0.033,0.793,63.1,63.1,11.26,0.94,,2025-11-06T11:01:08.010145+09:00,0.0220652110716631
2020-11-17,6.475,90.5,3.55,0.0,0.0,1,1,,0.821,0.478,62.2,38.2,5.03,1.44,FogOnly,2025-11-06T11:01:12.492143+09:00,0.9534686499126178
2020-12-10,3.475,81.0,8.825,29.75,0.0,0,0,,0.518,0.848,39.6,25.8,0.52,2.95,FogOnly,2025-11-06T10:59:48.458731+09:00,0.0283688994444363
2020-12-11,5.1,94.0,6.050000000000001,70.5,0.0,1,1,,0.186,0.915,64.4,64.4,4.21,0.89,,2025-11-06T10:59:53.353580+09:00,0.937086298563812
2020-12-22,2.975,93.5,5.35,100.0,1.15,0,0,,0.059,0.747,57.9,49.9,2.03,0.95,,2025-11-06T10:59:04.987219+09:00,0.0200647429804405
2020-12-23,4.075,93.75,5.550000000000001,56.0,0.075,1,0,,0.652,0.652,63.6,63.6,3.16,0.92,FogOnly,2025-11-06T10:59:09.436218+09:00,0.0885092729869569
2020-12-24,2.3000000000000003,74.5,13.075,93.0,0.0,0,0,,0.435,0.671,26.2,7.2,-1.77,4.07,,2025-11-06T10:58:05.143290+09:00,0.0278294497110914
2020-12-25,3.8,94.5,8.399999999999999,76.25,0.7,0,0,,0.15,0.897,61.9,61.9,3.0,0.8,,2025-11-06T10:58:09.313497+09:00,0.0241776085792528
2020-12-26,2.875,92.25,5.125,87.0,0.375,0,0,,0.154,0.884,59.5,59.5,1.74,1.13,,2025-11-06T10:57:21.181709+09:00,0.0244373554183569
2020-12-27,4.6,85.25,6.45,96.25,0.1,0,0,,0.067,0.671,47.3,40.2,2.34,2.26,,2025-11-06T10:56:42.383258+09:00,0.0536604006543747
2020-12-28,3.875,90.25,8.2,98.75,0.5,0,0,,0.185,0.735,55.1,48.1,2.42,1.45,,2025-11-06T10:55:57.055802+09:00,0.0208855921476169
2020-12-29,2.525,94.25,6.275,80.25,0.0,1,1,,0.818,0.878,65.0,65.0,1.69,0.83,Castle,2025-11-06T10:56:01.842285+09:00,0.9158611811631032
2021-01-14,4.525,76.5,9.3,56.5,0.0,0,0,,0.457,0.703,29.7,15.5,0.75,3.77,,2025-11-06T10:54:29.751557+09:00,0.0476867361151488
2021-01-15,-3.15,89.5,6.125,0.0,0.0,1,1,,0.694,0.941,57.2,33.2,-4.63,1.48,FogOnly,2025-11-06T10:54:34.382732+09:00,0.9507501386510392
2021-01-25,-0.475,97.5,4.525,60.5,0.0,0,0,,0.449,0.636,70.8,70.8,-0.82,0.35,,2025-11-06T10:52:46.882332+09:00,0.0674418031314756
2021-01-26,4.2,76.0,13.875,89.25,0.0,1,1,,0.09,0.695,28.7,13.9,0.34,3.86,,2025-11-06T10:52:51.454912+09:00,0.6907423767307578
2021-02-20,0.875,79.25,12.25,5.75,0.0,0,0,,0.673,0.839,36.7,6.7,-2.31,3.19,FogOnly,2025-11-06T10:51:07.241487+09:00,0.0469041425792485
2021-02-21,5.9,86.0,9.6,3.75,0.0,1,0,,0.73,0.935,49.0,26.0,3.74,2.16,Castle,2025-11-06T10:51:11.801959+09:00,0.1750849967408141
2021-03-08,3.45,85.5,3.075,92.5,0.0,0,0,,0.284,0.349,57.8,54.2,1.25,2.2,,2025-11-06T10:49:22.235634+09:00,0.0089996748377977
2021-03-09,-0.6500000000000001,86.5,1.65,53.5,0.0,1,1,,0.911,0.122,74.8,74.8,-2.62,1.97,FogOnly,2025-11-06T10:49:27.445369+09:00,0.8868694040088839
2021-10-02,19.175,90.75,8.174999999999999,53.0,0.075,0,0,,0.323,0.698,56.0,56.0,17.63,1.55,,2025-11-06T09:43:38.400205+09:00,0.0158871749548956
2021-10-03,16.674999999999997,87.5,4.2,1.0,0.0,1,0,,0.852,0.677,50.0,25.9,14.59,2.09,Castle,2025-11-06T09:43:43.342263+09:00,0.1894177998343281
2021-10-26,12.15,90.75,3.85,17.0,0.0,0,0,,0.709,0.618,58.9,45.1,10.68,1.47,Castle,2025-11-06T09:35:12.444572+09:00,0.0261151747656327
2021-10-27,10.975,91.5,7.1,98.5,0.0,1,1,,0.584,0.507,59.0,52.2,9.64,1.33,FogOnly,2025-11-06T09:35:17.177718+09:00,0.8913154810788307
2021-10-28,11.15,88.0,3.375,23.75,0.0,1,1,,0.764,0.704,58.3,48.5,9.24,1.91,Castle,2025-11-06T09:35:21.401838+09:00,0.964246825924058
2021-11-03,9.825,93.25,4.7,83.0,0.0,0,0,,0.298,0.45,62.5,62.5,8.79,1.04,,2025-11-06T09:34:32.196883+09:00,0.0258770712099526
2021-11-04,7.325,88.75,4.725,7.5,0.0,1,1,,0.909,0.471,54.2,34.7,5.59,1.73,FogOnly,2025-11-06T09:34:36.734280+09:00,0.9658456969416188
2021-11-05,10.075,83.5,3.65,34.25,0.0,1,1,,0.205,0.511,46.5,37.7,7.41,2.67,,2025-11-06T09:34:41.426014+09:00,0.6938455844790121
2021-11-27,3.1,93.0,5.65,86.25,0.775,0,0,,0.093,0.617,58.9,58.9,2.08,1.02,,2025-11-06T09:34:02.171901+09:00,0.0205336238473926
2021-11-28,3.65,83.25,6.575,13.5,0.0,1,1,,0.976,0.78,44.1,23.6,1.07,2.58,Castle,2025-11-06T09:34:07.532828+09:00,0.9492462362979665
2021-12-09,7.5,78.0,5.6,21.25,0.0,0,0,,0.176,0.867,31.9,8.0,3.91,3.59,,2025-11-06T09:39:27.260213+09:00,0.0637610055214036
2021-12-10,5.5,87.0,7.375,99.75,0.0,1,0,,0.223,0.442,51.1,43.3,3.51,1.99,,2025-11-06T09:39:31.843974+09:00,0.0558119166754756
2021-12-21,5.4,77.25,9.075,93.0,0.0,0,0,,0.654,0.505,31.0,15.3,1.74,3.66,FogOnly,2025-11-06T09:33:25.548246+09:00,0.0230721970492126
2021-12-22,5.5,87.75,14.075,100.0,0.0,1,1,,0.934,0.752,52.6,44.6,3.63,1.87,Castle,2025-11-06T09:33:30.445234+09:00,0.7547770585240121
2021-12-23,1.3750000000000002,54.75,3.775,5.0,0.0,0,0,,0.724,0.768,17.2,0.0,-6.75,8.12,Castle,2025-11-06T09:37:37.529275+09:00,0.0793761843159004
2021-12-24,6.5,89.5,6.35,94.0,0.025,1,0,,0.091,0.673,55.6,52.4,4.9,1.6,,2025-11-06T09:37:42.782302+09:00,0.12495876501335
2022-01-02,-6.4,86.5,9.675,22.25,0.0,1,0,,0.822,0.67,52.4,41.8,-8.28,1.88,Castle,2025-11-06T09:32:55.603536+09:00,0.3936166544648445
2022-01-03,-0.8999999999999999,86.5,4.025,69.25,0.0,1,1,,0.04,0.67,51.4,51.4,-2.87,1.97,,2025-11-06T09:33:00.366671+09:00,0.9520196119977286
2022-01-09,0.5,83.75,6.4750000000000005,70.75,0.0,0,0,,0.351,0.505,45.8,42.4,-1.93,2.43,,2025-11-06T09:32:27.594217+09:00,0.0267769623502204
2022-01-10,-0.525,95.25,3.625,28.5,0.0,1,1,,0.47,0.872,70.8,63.9,-1.19,0.67,,2025-11-06T09:32:31.901590+09:00,0.965304032366854
2022-01-15,-0.95,82.5,5.775,100.0,0.0,0,0,,0.724,0.444,43.8,30.9,-3.55,2.6,FogOnly,2025-11-06T09:31:10.391089+09:00,0.0391388365815493
2022-01-16,-3.0,85.75,10.3,17.5,0.0,1,1,,0.767,0.657,50.4,36.5,-5.05,2.05,Castle,2025-11-06T09:31:15.503218+09:00,0.931642430681696
2022-01-18,-1.75,90.0,9.725,90.5,0.25,0,0,,0.171,0.673,56.7,56.3,-3.17,1.42,,2025-11-06T09:30:21.827625+09:00,0.0198656367117515
2022-01-19,-2.2,77.25,2.625,47.75,0.0,1,0,,0.944,0.711,47.4,35.8,-5.65,3.45,Castle,2025-11-06T09:30:26.533871+09:00,0.1132317021884123
2022-02-03,1.775,92.0,3.2750000000000004,100.0,0.025,0,0,,0.565,0.472,68.2,60.2,0.61,1.16,FogOnly,2025-11-06T09:28:35.249571+09:00,0.052698452822326
2022-02-04,-0.6000000000000001,88.5,3.025,89.25,0.475,1,0,,0.219,0.378,62.4,62.4,-2.26,1.66,,2025-11-06T09:28:39.887672+09:00,0.0717238272116271
2022-02-18,-0.7749999999999999,90.0,6.025,75.0,0.45,0,0,,0.119,0.617,55.5,55.5,-2.21,1.44,,2025-11-06T09:26:52.551087+09:00,0.0087539318229387
2022-02-19,-3.6,79.75,6.7250000000000005,100.0,0.0,1,1,,0.969,0.854,39.1,23.2,-6.59,2.99,Castle,2025-11-06T09:26:57.862392+09:00,0.9284390033807548
2022-02-25,-2.6,88.5,7.449999999999999,81.5,0.1,0,0,,0.171,0.513,54.8,54.8,-4.24,1.64,,2025-11-06T09:26:04.066955+09:00,0.0242073906358264
2022-02-26,1.2,86.0,6.175,14.75,0.025,1,1,,0.538,0.891,49.9,34.1,-0.88,2.08,FogOnly,2025-11-06T09:26:08.274105+09:00,0.9720248323970826
2022-03-03,3.875,92.75,6.225,51.25,0.075,0,0,,0.162,0.716,61.8,61.8,2.81,1.07,,2025-11-06T09:24:37.450900+09:00,0.0325748653051385
2022-03-04,-0.8500000000000001,73.5,5.425,0.25,0.0,1,1,,0.914,0.898,25.3,0.0,-4.99,4.14,Castle,2025-11-06T09:24:42.291768+09:00,0.9634449820016352
2022-03-07,0.375,79.5,9.275,93.25,0.0,0,0,,0.656,0.505,37.4,25.8,-2.76,3.13,FogOnly,2025-11-06T09:24:00.695059+09:00,0.0113516551829618
2022-03-08,-1.5,76.25,4.35,19.25,0.0,1,1,,0.77,0.768,31.4,5.8,-5.14,3.64,Castle,2025-11-06T09:24:07.067729+09:00,0.9602889612397092
2022-03-15,11.2,90.75,11.025,68.5,0.075,0,0,,0.202,0.654,57.2,57.2,9.74,1.46,,2025-11-06T09:22:50.702741+09:00,0.007731700653374
2022-03-16,4.075,67.5,8.075,0.25,0.0,1,1,,0.986,0.782,15.0,0.0,-1.4,5.48,Castle,2025-11-06T09:22:55.477691+09:00,0.9635351529918542
2022-03-24,5.35,85.25,3.25,34.25,0.025,0,0,,0.356,0.466,55.0,49.4,3.07,2.28,,2025-11-06T09:21:56.500247+09:00,0.0260576392557534
2022-03-25,3.425,85.0,7.45,14.25,0.0,1,1,,0.953,0.554,47.6,29.9,1.14,2.28,FogOnly,2025-11-06T09:22:03.882793+09:00,0.9401239018144872
2022-10-13,12.45,83.5,3.225,62.5,0.0,0,0,,0.664,0.353,50.1,44.4,9.73,2.72,FogOnly,2025-11-04T17:27:20.113520+09:00,0.0186667177371837
2022-10-14,13.475,93.25,4.825,3.75,0.0,1,1,,0.923,0.132,62.2,40.4,12.41,1.07,FogOnly,2025-11-04T17:27:25.169568+09:00,0.9387009254811708
2022-10-15,14.9,92.0,2.475,80.75,0.0,0,0,,0.354,0.353,74.8,74.8,13.61,1.29,,2025-11-04T17:26:18.462969+09:00,0.0029264053805981
2022-10-16,14.9,93.75,6.05,19.5,0.0,1,1,,0.775,0.41,63.0,50.7,13.9,1.0,FogOnly,2025-11-04T17:26:23.580421+09:00,0.9338277814099328
2022-11-02,13.525,87.0,3.0250000000000004,63.0,0.0,0,0,,0.47,0.353,59.3,58.3,11.4,2.12,,2025-11-04T17:25:29.355260+09:00,0.0046046241160915
2022-11-03,9.825,89.5,6.300000000000001,5.5,0.0,1,1,,0.667,0.155,55.3,34.6,8.18,1.65,FogOnly,2025-11-04T17:25:34.287870+09:00,0.9601097209624952
2022-11-05,6.95,78.0,3.075,29.0,0.0,0,0,,0.789,0.353,41.4,22.2,3.38,3.57,FogOnly,2025-11-04T17:24:31.472966+09:00,0.0077585003586633
2022-11-06,6.525,79.75,5.749999999999999,7.75,0.0,1,1,,0.817,0.15,36.0,6.7,3.28,3.25,FogOnly,2025-11-04T17:24:36.761351+09:00,0.8002515105729597
2022-11-09,7.1,85.5,6.6,0.5,0.0,0,0,,0.743,0.395,47.8,22.0,4.83,2.27,FogOnly,2025-11-04T17:23:54.284198+09:00,0.093485535629011
2022-11-10,8.525,76.5,11.225,31.5,0.0,1,1,,0.635,0.347,28.2,8.0,4.63,3.9,FogOnly,2025-11-04T17:23:58.992639+09:00,0.8287353118950151
2022-11-17,7.275,92.25,6.725,93.0,0.0,0,0,,0.577,0.396,60.9,58.5,6.1,1.17,FogOnly,2025-11-04T17:22:46.143682+09:00,0.0272589785515743
2022-11-18,6.85,80.0,7.9,0.5,0.0,1,1,,0.863,0.395,36.5,3.1,3.64,3.21,FogOnly,2025-11-04T17:21:51.694623+09:00,0.9679639676083636
2022-11-19,7.525,84.75,7.375,1.75,0.0,1,1,,0.554,0.347,46.2,20.0,5.12,2.4,FogOnly,2025-11-04T17:21:56.720241+09:00,0.8210581045264513
2022-12-31,2.525,92.75,4.4750000000000005,81.75,0.0,0,0,,0.644,0.341,62.3,62.3,1.47,1.05,FogOnly,2025-11-04T17:19:36.539191+09:00,0.0257444830332378
2023-01-01,3.15,86.0,5.074999999999999,62.0,0.025,1,1,,0.254,0.698,49.5,48.6,1.03,2.12,,2025-11-04T17:19:44.193334+09:00,0.962158968684622
2023-01-18,0.5,82.25,2.725,85.75,0.25,0,0,,0.336,0.333,54.4,49.0,-2.18,2.68,,2025-11-04T17:18:29.247821+09:00,0.0077261459843648
2023-01-19,1.725,91.5,8.399999999999999,88.75,0.0,1,1,,0.565,0.383,60.2,60.2,0.49,1.24,FogOnly,2025-11-04T17:17:46.469031+09:00,0.9595994097239744
2023-01-20,1.3250000000000002,88.25,9.05,29.5,0.0,1,1,,0.544,0.877,54.2,47.9,-0.41,1.73,FogOnly,2025-11-04T17:17:53.676241+09:00,0.9688944458797886
2023-01-30,0.125,83.25,11.325,99.5,0.8500000000000001,0,0,,0.535,0.374,40.7,29.1,-2.38,2.5,FogOnly,2025-11-04T17:16:30.453992+09:00,0.0103124617856202
2023-01-31,-4.449999999999999,72.5,4.8,85.0,0.0,1,1,,0.938,0.564,24.6,7.0,-8.65,4.2,FogOnly,2025-11-04T17:16:35.872880+09:00,0.9649982908061556
2023-02-05,-0.025,84.25,3.85,7.0,0.0,0,0,,0.756,0.341,48.4,25.9,-2.37,2.34,FogOnly,2025-11-04T17:15:39.956206+09:00,0.0352665101706242
2023-02-06,-4.6,88.0,7.6,37.75,0.0,1,1,,0.6,0.383,54.8,53.4,-6.28,1.68,FogOnly,2025-11-04T17:15:46.032343+09:00,0.9402062843792472
2023-02-07,2.675,73.75,4.925,100.0,0.05,0,0,,0.79,0.333,24.1,0.0,-1.54,4.22,FogOnly,2025-11-04T17:14:30.730509+09:00,0.027015647495547
2023-02-08,0.625,97.5,5.225,63.5,0.0,1,1,,0.741,0.352,70.8,70.8,0.27,0.35,FogOnly,2025-11-04T17:14:39.800074+09:00,0.9579928041202062
2023-10-03,14.0,77.0,4.35,29.5,0.0,0,0,,0.625,0.4,27.4,5.3,10.03,3.97,FogOnly,2025-10-31T17:33:57.727595+09:00,0.0278269423608933
2023-10-04,18.425,90.0,3.05,19.75,0.0,1,0,,0.625,0.4,64.5,52.3,16.75,1.67,FogOnly,2025-10-31T17:33:53.228645+09:00,0.0433226378502304
2023-10-09,15.425,88.75,2.5,100.0,4.175000000000001,0,0,,0.625,0.4,57.8,49.8,13.58,1.85,FogOnly,2025-10-31T17:33:25.599555+09:00,0.0024395401458999
2023-10-10,17.3,95.75,2.9000000000000004,78.0,0.25,1,0,,0.625,0.4,76.5,76.5,16.61,0.69,FogOnly,2025-10-31T17:33:21.073046+09:00,0.0357863830201609
2023-10-11,13.849999999999998,85.5,6.375,89.25,0.0,0,0,,0.625,0.4,46.3,43.2,11.46,2.39,FogOnly,2025-10-31T17:32:55.228071+09:00,0.0271190613203297
2023-10-12,10.35,86.75,4.775,7.25,0.0,1,0,,0.625,0.4,49.6,29.1,8.24,2.11,FogOnly,2025-10-31T17:32:31.777945+09:00,0.1456699101073011
2023-10-13,9.6,87.75,4.9,54.75,0.0,1,0,,0.625,0.4,51.8,51.8,7.67,1.93,FogOnly,2025-10-31T17:32:27.608386+09:00,0.1296473285146707
2023-10-23,11.05,82.75,5.625,66.0,0.0,0,0,,0.625,0.4,41.1,34.6,8.23,2.82,FogOnly,2025-10-31T17:31:46.957134+09:00,0.0115438074793545
2023-10-24,10.2,79.0,6.475,2.5,0.0,1,0,,0.625,0.4,33.2,0.0,6.72,3.48,FogOnly,2025-10-31T17:31:42.135527+09:00,0.076233090573267
2023-10-29,9.7,96.0,3.775,6.25,0.0,0,0,,0.625,0.4,70.0,49.7,9.09,0.61,FogOnly,2025-10-31T17:31:16.368837+09:00,0.0465086664732585
2023-10-30,8.125,90.75,4.199999999999999,2.5,0.0,1,1,,0.625,0.4,57.9,35.4,6.7,1.42,FogOnly,2025-10-31T17:30:50.771755+09:00,0.9740932438456954
2023-10-31,9.1,87.25,6.0,1.5,0.0,1,1,,0.625,0.4,50.9,27.7,7.09,2.01,FogOnly,2025-10-31T17:30:46.379192+09:00,0.9669263178356602
2023-11-08,11.65,82.5,5.6,4.0,0.0,0,0,,0.625,0.4,40.4,11.8,8.77,2.88,FogOnly,2025-10-31T17:30:09.205474+09:00,0.0242522917844751
2023-11-09,12.95,83.5,8.025,74.25,0.0,1,0,,0.625,0.4,42.2,36.4,10.22,2.73,FogOnly,2025-10-31T17:30:04.711067+09:00,0.0438804634774312
2023-11-13,5.775,83.75,12.925,100.0,0.2,0,0,,0.625,0.4,43.6,31.3,3.24,2.54,FogOnly,2025-10-31T17:29:38.740385+09:00,0.0065752798655078
2023-11-14,7.25,82.25,2.55,74.5,0.0,1,1,,0.625,0.4,55.6,49.0,4.42,2.83,FogOnly,2025-10-31T17:29:34.364569+09:00,0.8786561973690371
2023-11-15,5.300000000000001,93.5,5.925000000000001,37.25,0.0,0,0,,0.625,0.4,63.4,61.8,4.34,0.96,FogOnly,2025-10-31T17:29:10.124813+09:00,0.0557293910388778
2023-11-16,5.475,95.0,7.65,12.0,0.0,1,1,,0.625,0.4,66.2,49.4,4.74,0.74,FogOnly,2025-10-31T17:29:05.541560+09:00,0.961724824928164
2023-11-20,9.125,93.75,11.225,84.5,1.025,0,0,,0.625,0.4,58.4,58.4,8.17,0.95,FogOnly,2025-10-31T17:28:41.355757+09:00,0.0222149507231574
2023-11-21,3.1,81.75,4.65,0.0,0.0,1,1,,0.625,0.4,41.2,10.7,0.28,2.82,FogOnly,2025-10-31T17:28:36.960225+09:00,0.9551999854795478
2023-11-25,4.449999999999999,86.0,11.425,79.5,0.05,0,0,,0.625,0.4,49.1,48.0,2.31,2.14,FogOnly,2025-10-31T17:28:07.530296+09:00,0.0117759842337423
2023-11-26,0.4000000000000001,82.5,4.4,13.5,0.0,1,1,,0.625,0.4,43.4,22.4,-2.23,2.63,FogOnly,2025-10-31T17:28:02.922006+09:00,0.9577827628044944
2023-12-03,5.1,70.0,14.45,96.25,0.075,0,0,,0.625,0.4,14.6,0.0,0.08,5.02,FogOnly,2025-10-31T17:27:14.875371+09:00,0.016032813383552
2023-12-04,1.6,85.5,6.6,15.75,0.0,1,1,,0.625,0.4,49.0,33.1,-0.57,2.17,FogOnly,2025-10-31T17:27:10.432033+09:00,0.8560122639443929
2023-12-07,9.425,77.75,14.975,70.5,0.175,0,0,,0.625,0.4,29.8,16.3,5.73,3.69,FogOnly,2025-10-31T17:26:45.421746+09:00,0.0186368330953222
2023-12-08,6.425,77.75,6.249999999999999,82.75,0.0,1,0,,0.625,0.4,31.8,18.9,2.82,3.6,FogOnly,2025-10-31T17:26:40.929711+09:00,0.101188155167884
2023-12-23,-1.825,90.25,2.25,90.5,0.45,0,0,,0.625,0.4,73.6,73.2,-3.21,1.39,FogOnly,2025-10-31T17:26:14.125471+09:00,0.010995211255415
2023-12-24,2.425,86.75,6.875,100.0,0.3,1,1,,0.625,0.4,49.7,41.7,0.44,1.98,FogOnly,2025-10-31T17:26:09.252628+09:00,0.8964287925935631
2023-12-27,4.65,93.5,6.3500000000000005,98.0,0.1,0,0,,0.625,0.4,63.0,56.6,3.69,0.96,FogOnly,2025-10-31T17:25:13.787366+09:00,0.0402261451840399
2023-12-28,-0.4249999999999999,73.5,5.6000000000000005,55.25,0.0,1,1,,0.625,0.4,25.1,7.8,-4.58,4.16,FogOnly,2025-10-31T17:25:09.015902+09:00,0.893263777065877
2024-01-09,-1.35,83.75,10.675,4.5,0.0,0,0,,0.625,0.4,46.3,21.8,-3.74,2.39,FogOnly,2025-10-31T17:24:00.175339+09:00,0.0162978738985036
2024-01-10,2.575,88.0,8.475,100.0,0.0,1,1,,0.625,0.4,53.6,45.6,0.79,1.79,FogOnly,2025-10-31T17:23:55.238870+09:00,0.964563384088145
2024-01-28,-1.1,91.25,5.050000000000001,78.5,0.0,0,0,,0.625,0.4,60.1,60.1,-2.34,1.24,FogOnly,2025-10-31T17:23:09.951082+09:00,0.0260447427781957
2024-01-29,-4.775,91.75,5.15,60.5,0.0,1,1,,0.625,0.4,61.4,61.4,-5.91,1.14,FogOnly,2025-10-31T17:23:05.330192+09:00,0.9485115815467224
2024-03-23,4.875,77.0,25.575,100.0,1.85,0,0,,0.625,0.4,21.4,0.0,1.18,3.69,FogOnly,2025-10-31T17:21:21.330328+09:00,0.0218523966291624
2024-03-24,4.15,93.75,6.125,100.0,0.0,1,1,,0.625,0.4,64.0,56.0,3.23,0.92,FogOnly,2025-10-31T17:21:16.051304+09:00,0.9400657090946928
2024-04-01,7.025,85.0,3.125,11.75,0.0,0,0,,0.625,0.4,55.5,35.8,4.67,2.35,FogOnly,2025-10-31T17:20:30.117344+09:00,0.0275762041248375
2024-04-02,5.95,62.5,6.0,4.5,0.0,1,0,,0.625,0.4,15.0,0.0,-0.67,6.62,FogOnly,2025-10-31T17:20:25.299756+09:00,0.1162265630802452
2024-09-30,19.75,93.5,3.85,100.0,0.0,0,0,,0.625,0.4,63.6,55.6,18.67,1.08,FogOnly,2025-10-31T17:18:50.576511+09:00,0.018969897709669
2024-10-01,18.9,88.0,4.375,1.25,0.0,1,0,,0.625,0.4,50.6,27.1,16.87,2.03,FogOnly,2025-10-31T17:18:43.109237+09:00,0.1351578325599401
2024-10-09,15.725,91.75,2.475,53.25,0.0,0,0,,0.625,0.4,74.2,74.2,14.39,1.34,FogOnly,2025-10-31T17:18:15.328273+09:00,0.0031003613465719
2024-10-10,14.0,91.0,1.95,100.0,0.0,1,0,,0.625,0.4,78.1,70.1,12.55,1.45,FogOnly,2025-10-31T17:18:09.733984+09:00,0.0761202361951998
2024-10-12,13.4,92.25,5.6,1.5,0.0,0,0,,0.625,0.4,60.2,37.1,12.17,1.23,FogOnly,2025-10-31T17:17:37.285109+09:00,0.0518603211709776
2024-10-13,13.325,93.0,4.225,20.0,0.0,1,1,,0.625,0.4,61.7,49.7,12.22,1.11,FogOnly,2025-10-31T17:17:32.224230+09:00,0.6852626263786885
2024-10-25,13.1,97.75,2.6,76.75,0.0,0,0,,0.625,0.4,84.8,84.8,12.75,0.35,FogOnly,2025-10-31T17:16:50.835060+09:00,0.0042845008145109
2024-10-26,14.2,94.75,3.775,100.0,0.0,1,0,,0.625,0.4,67.3,59.3,13.37,0.83,FogOnly,2025-10-31T17:16:05.432323+09:00,0.4497547013933306
2024-10-27,15.575,90.25,6.725,68.25,0.0,1,1,,0.625,0.4,55.9,55.9,13.98,1.59,FogOnly,2025-10-31T17:16:00.945210+09:00,0.7378737693074161
2024-10-30,15.625,95.5,6.0,96.0,0.325,0,0,,0.625,0.4,64.8,60.0,14.91,0.72,FogOnly,2025-10-31T17:15:23.547273+09:00,0.0113680824657995
2024-10-31,7.725,90.5,6.1,88.25,0.0,1,1,,0.625,0.4,57.5,57.5,6.27,1.46,FogOnly,2025-10-31T17:15:20.486692+09:00,0.8146817275605526
2024-11-11,15.175,89.25,1.225,44.5,0.0,0,0,,0.625,0.4,78.9,78.9,13.42,1.76,FogOnly,2025-10-31T17:14:37.335085+09:00,0.0326548993599274
2024-11-12,8.725,91.5,4.025,0.75,0.0,1,1,,0.625,0.4,59.3,35.8,7.42,1.31,FogOnly,2025-10-31T17:14:32.541917+09:00,0.931753617230318
2024-11-20,2.975,81.25,3.05,26.0,0.0,0,0,,0.625,0.4,49.7,34.1,0.08,2.9,FogOnly,2025-10-31T17:13:27.805183+09:00,0.0140346878483982
2024-11-21,6.175,84.5,6.0,39.0,0.0,1,0,,0.625,0.4,46.0,42.0,3.76,2.42,FogOnly,2025-10-31T17:13:23.315796+09:00,0.0694248240121433
2024-11-24,4.55,96.0,2.55,54.25,0.0,0,0,,0.625,0.4,82.5,82.5,3.97,0.58,FogOnly,2025-10-31T17:12:34.065219+09:00,0.0174916516919431
2024-11-25,2.95,79.75,2.15,6.0,0.0,1,0,,0.625,0.4,55.6,26.0,-0.21,3.16,FogOnly,2025-10-31T17:12:03.821379+09:00,0.1333392745460399
2024-11-26,12.55,49.25,23.575000000000003,99.0,0.0,1,1,,0.625,0.4,15.0,0.0,2.19,10.36,FogOnly,2025-10-31T17:11:59.141267+09:00,0.308215611127328
2024-12-01,7.025,98.75,4.125,100.0,0.375,0,0,,0.625,0.4,70.9,62.9,6.84,0.18,FogOnly,2025-10-31T17:11:06.722039+09:00,0.0067108966846392
2024-12-02,6.550000000000001,96.25,5.449999999999999,40.25,0.0,1,0,,0.625,0.4,68.3,68.3,6.0,0.55,FogOnly,2025-10-31T17:11:01.255008+09:00,0.1300600680314601
2024-12-09,2.425,88.25,1.225,66.75,0.0,0,0,,0.625,0.4,79.1,79.1,0.68,1.75,FogOnly,2025-10-31T17:10:09.752886+09:00,0.0058619212036063
2024-12-10,0.425,91.5,5.675,33.75,0.0,1,1,,0.625,0.4,60.3,56.6,-0.8,1.22,FogOnly,2025-10-31T17:10:05.131590+09:00,0.931243294604506
2024-12-19,-1.375,84.5,2.75,82.5,0.0,0,0,,0.625,0.4,60.2,58.0,-3.65,2.27,FogOnly,2025-10-31T17:09:37.993991+09:00,0.0042651571598906
2024-12-20,-1.6750000000000005,80.75,3.05,57.25,0.0,1,0,,0.625,0.4,50.0,43.0,-4.55,2.87,FogOnly,2025-10-31T17:09:32.623726+09:00,0.1957967039708666
2024-12-24,0.375,96.0,2.575,62.75,0.1,0,0,,0.625,0.4,82.0,82.0,-0.19,0.56,FogOnly,2025-10-31T17:08:48.222791+09:00,0.0095299882668703
2024-12-25,-1.0750000000000002,97.5,7.05,96.75,0.0,1,1,,0.625,0.4,70.9,65.5,-1.42,0.35,FogOnly,2025-10-31T17:08:42.942249+09:00,0.8445040660785899
2024-12-29,1.4,88.25,12.875,95.0,0.95,0,0,,0.625,0.4,49.5,45.5,-0.33,1.73,FogOnly,2025-10-31T17:06:34.709416+09:00,0.0256627698623483
2024-12-30,0.95,88.25,7.05,96.0,0.0,1,0,,0.625,0.4,54.3,49.5,-0.77,1.72,FogOnly,2025-10-31T17:06:30.081255+09:00,0.1080967517178864
2025-01-10,-5.35,88.0,4.275,84.0,0.775,0,0,,0.625,0.4,51.0,51.0,-7.02,1.67,FogOnly,2025-10-31T17:05:33.828095+09:00,0.0145590994851329
2025-01-11,-4.3500000000000005,83.75,5.800000000000001,71.25,0.025,1,0,,0.625,0.4,46.8,44.2,-6.69,2.34,FogOnly,2025-10-31T17:05:26.351636+09:00,0.1197086495777804
2025-01-15,2.4250000000000003,97.25,5.6,100.0,1.25,0,0,,0.625,0.4,64.1,56.1,2.03,0.39,FogOnly,2025-10-31T17:04:22.316127+09:00,0.0251754159574414
2025-01-16,-3.675,93.0,4.75,73.25,0.0,1,0,,0.625,0.4,63.4,63.4,-4.64,0.97,FogOnly,2025-10-31T17:04:08.033533+09:00,0.0776145481809292
2025-01-17,1.275,86.75,10.675,71.5,0.05,0,0,,0.333,0.333,51.2,51.2,-0.69,1.96,,2025-10-31T16:40:37.262581+09:00,0.0308527840920658
2025-01-18,-3.725,73.25,1.5,25.5,0.0,1,1,,0.333,0.333,50.9,25.5,-7.82,4.09,,2025-10-31T16:39:14.498383+09:00,0.8451876201610428
2025-01-31,-0.8999999999999999,97.75,1.15,100.0,0.15,1,0,,0.333,0.333,95.5,87.5,-1.21,0.31,,2025-10-31T16:38:19.457730+09:00,0.0331748583185095
2025-02-01,-0.25,94.75,6.550000000000001,66.0,0.0,0,0,,0.333,0.333,66.1,66.1,-0.99,0.74,,2025-10-31T16:40:21.197030+09:00,0.0136293271971256
2025-02-02,1.975,99.5,3.275,100.0,0.1,1,1,,0.333,0.333,80.9,72.9,1.9,0.07,,2025-10-31T16:37:36.871617+09:00,0.7900082306281234
2025-03-01,1.2,94.25,7.525,21.5,0.0,1,0,,0.333,0.333,65.1,54.0,0.38,0.82,,2025-10-31T16:36:16.051101+09:00,0.1843443235081247
2025-05-26,12.85,88.75,7.6,99.75,0.0,0,0,,0.255,0.983,53.3,45.5,11.04,1.81,,2025-11-06T14:32:27.371094+09:00,0.0410936348895376
2025-05-27,14.35,83.25,3.75,100.0,0.0,1,1,,0.912,0.839,43.8,29.4,11.55,2.8,Castle,2025-11-06T14:32:08.431180+09:00,0.7625435455598288
2025-09-22,15.25,87.25,5.65,93.25,0.0,1,0,,0.954,0.101,49.7,46.3,13.14,2.11,FogOnly,2025-11-06T14:31:28.357474+09:00,0.0650558446033596
2025-10-17,16.950000000000003,89.0,8.5,7.0,0.0,1,0,,0.987,0.097,53.1,33.3,15.12,1.83,FogOnly,2025-11-06T14:30:53.136672+09:00,0.0620032180465327
2025-10-23,8.525,82.5,3.95,0.25,0.0,1,0,,0.863,0.271,41.8,11.4,5.71,2.81,FogOnly,2025-11-06T14:30:47.300663+09:00,0.1259435023825194
2025-10-27,13.175,93.75,4.35,46.0,0.175,0,0,,0.024,0.679,62.3,62.3,12.19,0.99,,2025-11-06T14:30:18.417756+09:00,0.018090105971097
2025-10-28,9.575,90.25,6.549999999999999,66.0,0.175,0,0,,0.013,0.979,55.9,55.9,8.06,1.52,,2025-11-06T14:30:14.113760+09:00,0.022603651142229
2025-10-29,7.750000000000001,78.75,1.0,11.5,0.0,1,1,1号,0.99,0.918,58.5,29.7,4.29,3.46,Castle,2025-11-06T14:30:09.509023+09:00,0.9632554671956152
2025-10-30,5.925000000000001,88.75,5.375,21.25,0.0,0,0,,0.302,0.12,54.4,43.2,4.21,1.72,,2025-10-31T17:39:34.988322+09:00,0.0618050566334985
2025-10-31,13.225,67.5,7.749999999999999,100.0,0.0,1,0,,0.722,0.254,15.0,0.0,7.34,5.89,FogOnly,2025-11-06T14:28:48.181403+09:00,0.0574004666263506
2025-11-01,11.125,93.0,2.0,53.5,0.275,0,0,,0.106,0.284,80.5,80.5,10.04,1.09,,2025-10-31T17:40:09.750893+09:00,0.0166698751768075
2025-11-02,10.65,96.75,5.975,69.5,0.05,0,0,,0.089,0.911,68.8,68.8,10.15,0.5,,2025-11-06T12:34:10.510823+09:00,0.022452659644681
2025-11-03,8.899999999999999,96.75,8.100000000000001,96.75,0.7999999999999999,0,0,,0.2,0.479,65.1,59.7,8.41,0.49,,2025-11-04T08:42:08.765540+09:00,0.0196548951165268
2025-11-04,4.125,86.25,4.675000000000001,1.25,0.0,1,1,2号,0.991,0.868,49.9,25.9,2.03,2.09,Castle,2025-11-06T12:18:34.176656+09:00,0.9391407035114916
2025-11-05,9.6,77.25,3.175,22.25,0.0,0,0,,0.177,0.511,37.8,12.8,5.81,3.79,,2025-11-04T17:35:30.381361+09:00,0.0055675041642592
2025-11-06,9.175,92.0,5.050000000000001,77.5,0.0,1,1,3号,0.791,0.854,60.2,60.2,7.94,1.23,Castle,2025-11-06T12:17:24.200332+09:00,0.7774092591758196
2025-11-07,10.2,84.0,5.025,27.75,0.0,0,0,,0.338,0.964,44.0,32.0,7.62,2.58,,2025-11-06T18:29:03.301402+09:00,0.0723669738431683
2025-11-08,6.275,70.75,3.925,7.75,0.0,0,0,,0.627,0.719,16.7,0.0,1.35,4.92,FogOnly,2025-11-07T08:25:07.576148+09:00,0.0252671795860532
2025-11-09,13.1,95.5,11.4,100.0,1.0,0,0,,0.039,0.326,61.6,53.6,12.4,0.7,,2025-11-10T08:58:02.389103+09:00,0.004662497851679
2025-11-10,10.35,94.75,5.824999999999999,90.5,0.675,0,0,,0.037,0.832,62.0,61.6,9.54,0.81,,2025-11-10T16:58:42.327464+09:00,0.0076959133270911
2025-11-11,9.225,83.25,6.775000000000001,97.5,0.0,0,0,,0.568,0.793,42.7,31.1,6.53,2.69,FogOnly,2025-11-11T10:02:05.769061+09:00,0.0430851780725852
2025-11-12,3.0,85.25,4.725,2.75,0.0,0,0,,0.687,0.984,48.2,24.0,0.77,2.23,Castle,2025-11-12T20:26:09.387264+09:00,0.0600475082365375
2025-11-13,9.85,85.5,7.199999999999999,100.0,0.0,0,0,,0.727,0.298,47.2,36.7,7.53,2.32,FogOnly,2025-11-13T20:26:32.395929+09:00,0.0084040392536383
2025-11-14,8.4,90.25,0.875,6.25,0.0,1,1,4号,0.954,0.872,81.9,61.7,6.89,1.51,Castle,2025-11-14T20:25:26.155447+09:00,0.9030329349191752
2025-11-15,5.25,80.25,4.425,2.5,0.0,1,1,5号,0.363,0.834,37.5,6.0,2.12,3.13,,2025-11-15T20:22:23.140163+09:00,0.9344519608015384
2025-11-16,4.6,82.25,7.1000000000000005,0.25,0.0,0,0,,0.538,0.648,41.8,11.8,1.83,2.77,FogOnly,2025-11-16T20:22:25.240116+09:00,0.0144232154206222
2025-11-17,9.675,80.25,10.525000000000002,0.0,0.0,0,0,,0.325,0.858,36.1,2.2,6.44,3.24,,2025-11-17T20:25:58.626211+09:00,0.0261994915580401
2025-11-18,6.65,93.25,8.1,84.75,0.275,0,0,,0.004,0.466,61.5,61.5,5.64,1.01,,2025-11-18T20:26:52.814493+09:00,0.003599010458191
2025-11-19,4.4,88.0,2.225,70.0,0.05,0,0,,0.632,0.723,70.7,70.7,2.59,1.81,FogOnly,2025-11-19T20:25:48.168844+09:00,0.0102389734769387
2025-11-20,2.1500000000000004,83.25,6.675,13.0,0.0,0,0,,0.699,0.965,44.4,23.9,-0.4,2.55,Castle,2025-11-20T20:25:36.575789+09:00,0.0719002502734977
2025-11-21,8.975000000000001,72.0,8.75,49.75,0.0,0,0,,0.458,0.916,17.7,0.0,4.2,4.78,,2025-11-21T20:24:54.427818+09:00,0.034195817031976
2025-11-22,7.425,91.5,3.3999999999999995,77.75,0.025,1,0,,0.924,0.291,65.3,65.3,6.13,1.29,FogOnly,2025-11-22T20:21:47.856425+09:00,0.1164307064529502
2025-11-23,3.45,82.0,7.7,77.5,0.0,0,0,,0.11,0.982,41.6,35.3,0.67,2.78,,2025-11-23T20:23:19.568988+09:00,0.0401517520574771
2025-11-24,4.2,79.0,7.775,65.25,0.0,0,0,,0.751,0.994,35.2,24.6,0.88,3.32,Castle,2025-11-24T20:26:46.699341+09:00,0.0350574159115096
2025-11-25,7.199999999999999,89.5,7.449999999999999,99.5,0.0,0,0,,0.914,0.91,55.7,48.1,5.59,1.61,Castle,2025-11-25T20:27:00.966038+09:00,0.0477651626412096
2025-11-26,7.65,98.0,4.625,92.0,0.25,0,0,,0.063,0.959,70.2,68.6,7.35,0.3,,2025-11-26T20:26:40.338949+09:00,0.0290310800483207
2025-11-27,3.75,87.0,7.525,15.5,0.0,1,1,6号,0.706,0.98,51.4,36.7,1.79,1.96,Castle,2025-11-27T20:27:15.506893+09:00,0.9705893327672628
2025-11-28,8.525000000000002,93.75,15.275,81.0,0.6,0,0,,0.005,0.883,60.6,60.6,7.58,0.95,,2025-11-28T20:26:17.921049+09:00,0.0199315743507544
2025-11-29,4.35,86.75,1.725,13.75,0.0,1,0,,0.969,0.47,73.6,57.7,2.34,2.01,FogOnly,2025-11-29T20:24:03.511460+09:00,0.1534522422368531
2025-11-30,4.1,78.5,9.4,0.5,0.0,0,0,,0.494,0.757,34.2,0.0,0.7,3.4,,2025-11-30T20:23:39.381178+09:00,0.0373837888057854
2025-12-01,8.425,77.25,12.175,10.0,0.0,0,0,,0.306,0.864,30.0,0.0,4.67,3.75,,2025-12-01T20:27:14.592294+09:00,0.0257517566755171
2025-12-02,8.375,98.5,6.25,57.75,0.05,1,1,7号,0.048,0.854,72.1,72.1,8.15,0.22,,2025-12-02T20:28:36.242484+09:00,0.8857541225081499
2025-12-03,7.8,95.75,4.6,100.0,0.15,0,0,,0.19,0.923,66.6,58.6,7.16,0.64,,2025-12-03T20:28:08.392979+09:00,0.0222592078502118
2025-12-04,1.0,71.5,11.35,67.5,0.4,0,0,,0.012,0.872,18.1,0.0,-3.58,4.58,,2025-12-04T20:28:40.517808+09:00,0.0212656763253153
2025-12-05,3.0249999999999995,99.0,6.05,99.5,0.75,0,0,,0.341,0.986,69.5,61.9,2.88,0.14,,2025-12-05T20:27:37.264781+09:00,0.053446105230177
2025-12-06,1.15,94.5,7.45,49.5,0.0,1,1,8号,0.849,0.713,65.6,65.6,0.37,0.78,Castle,2025-12-06T20:23:58.040215+09:00,0.9457215485928948
2025-12-07,5.825,76.0,9.425,56.25,0.0,0,0,,0.249,0.93,28.1,12.9,1.92,3.91,,2025-12-07T20:23:24.679917+09:00,0.0364343973520173
2025-12-08,7.0,85.5,12.325,66.0,0.0,0,0,,0.29,0.885,47.8,45.7,4.73,2.27,,2025-12-08T20:28:14.180214+09:00,0.0203445052533585
2025-12-09,3.125,91.0,4.225,50.75,0.0,1,1,9号,0.815,0.992,59.1,59.1,1.8,1.33,Castle,2025-12-09T20:28:34.777017+09:00,0.9550433238724356
2025-12-10,3.975,94.5,2.8,54.0,0.075,0,0,,0.186,0.28,77.0,77.0,3.17,0.8,,2025-12-10T20:28:13.708515+09:00,0.0055047388732417
2025-12-11,4.4750000000000005,80.25,11.35,100.0,0.0,0,0,,0.441,0.886,37.7,20.9,1.37,3.11,,2025-12-11T20:28:48.618971+09:00,0.0269310687774867
2025-12-12,2.1,80.75,18.125,44.5,0.075,0,0,,0.025,0.958,39.1,31.4,-0.86,2.96,,2025-12-12T20:29:26.310473+09:00,0.0231933471312912
2025-12-13,-2.2,70.5,4.025,3.25,0.0,0,0,,0.984,0.974,19.3,0.0,-6.84,4.64,Castle,2025-12-13T20:24:32.455424+09:00,0.1066340883669332
2025-12-14,7.675,98.0,8.45,100.0,2.05,0,0,,0.02,0.586,61.4,53.4,7.38,0.3,,2025-12-14T20:24:47.412198+09:00,0.0070069922559708
2025-12-15,3.925,95.0,12.05,64.25,0.95,0,0,,0.032,0.898,61.5,61.5,3.2,0.73,,2025-12-15T20:30:04.690243+09:00,0.0224780677537886
2025-12-16,4.300000000000001,89.0,5.15,100.0,0.0,0,0,,0.984,0.908,55.2,47.2,2.65,1.65,Castle,2025-12-16T20:29:32.365463+09:00,0.0497203542431995
2025-12-17,6.175000000000001,93.0,8.25,71.5,0.075,0,0,,0.068,0.145,62.1,62.1,5.13,1.05,,2025-12-17T20:29:54.776449+09:00,0.0028471206210853
2025-12-18,3.5,85.75,7.449999999999999,30.5,0.0,0,0,,0.525,0.993,49.1,42.1,1.34,2.16,Castle,2025-12-18T20:29:07.223341+09:00,0.0402998145870114
2025-12-19,0.55,78.75,9.35,0.0,0.0,0,0,,0.104,0.968,35.8,1.7,-2.71,3.26,,2025-12-19T20:27:59.222814+09:00,0.0316919154121713
2025-12-20,12.35,77.25,21.1,93.0,0.0,0,0,,0.102,0.677,28.6,11.2,8.48,3.87,,2025-12-20T20:24:29.477989+09:00,0.0151149886641246
2025-12-21,13.375,82.5,16.95,100.0,0.0,0,0,,0.644,0.427,40.0,24.6,10.46,2.92,FogOnly,2025-12-21T20:25:01.987003+09:00,0.0051426639140841
2025-12-22,4.550000000000001,82.0,17.950000000000003,98.5,0.075,0,0,,0.01,0.782,40.9,27.7,1.74,2.81,,2025-12-22T20:27:29.578176+09:00,0.0120203740013594
2025-12-23,-1.725,88.75,5.625,2.25,0.0,0,0,,0.987,0.966,55.7,33.0,-3.34,1.61,Castle,2025-12-23T12:41:58.229378+09:00,0.124907100396892
2025-12-24,8.725,94.75,12.925,91.5,2.825,0,0,,0.007,0.519,55.5,54.3,7.93,0.8,,2025-12-24T12:39:29.795264+09:00,0.0056961416042814
2025-12-25,9.975,98.0,3.425,100.0,0.525,1,0,,0.706,0.31,74.5,66.5,9.67,0.3,FogOnly,2025-12-25T12:42:09.556278+09:00,0.0592700718635443
2025-12-26,1.625,95.75,10.55,100.0,0.9,0,0,,0.035,0.678,63.2,55.2,1.02,0.61,,2025-12-26T12:40:02.359729+09:00,0.0131333269132586
2025-12-27,-3.625,90.75,6.775,75.75,0.0,0,0,,0.885,0.628,59.5,59.5,-4.92,1.29,Castle,2025-12-27T12:37:22.694274+09:00,0.0288674474914342
2025-12-28,0.5499999999999999,95.25,3.7,68.0,0.0,1,1,10号,0.755,0.983,69.9,69.9,-0.12,0.67,Castle,2025-12-28T12:53:40.570119+09:00,0.876
2025-12-29,0.075,84.75,12.525,2.75,0.0,0,0,,0.52,0.726,47.9,23.4,-2.19,2.26,FogOnly,2025-12-29T12:55:18.113349+09:00,0.239
2025-12-30,2.975,98.0,5.6,86.5,0.45,0,0,,0.023,0.984,69.3,69.3,2.69,0.29,,2025-12-30T12:43:20.857639+09:00,0.026
2025-12-31,2.3,94.75,3.9,92.25,0.125,0,0,,0.683,0.387,66.3,64.5,1.54,0.76,FogOnly,2025-12-31T12:42:52.989122+09:00,0.108
2026-01-01,0.125,96.0,2.825,54.0,0.025,0,0,,0.837,0.373,79.9,79.9,-0.44,0.56,FogOnly,2025-12-31T12:42:54.944314+09:00,0.186
